patient_id,dropout_prediction,dropout_probability
PAT-NEW-01,Yes,0.7079721335637509
PAT-NEW-02,No,0.4570690181814491
PAT-NEW-03,No,0.29357499461288916
PAT-NEW-04,Yes,0.6406287858129522
